label,youtube_ID,time_start,time_end,split,full_links,,DONOT DELETE
using a wrench,-2OEKnzA9vc  ,41,51,train,https://www.youtube.com/watch?v=-2OEKnzA9vc  ,,https://www.youtube.com/watch?v=
using a wrench,-8O7j0b9toM  ,34,44,train,https://www.youtube.com/watch?v=-8O7j0b9toM  ,,https://www.youtube.com/watch?v=
using a wrench, -CvX2TfDtag,109,119,train,https://www.youtube.com/watch?v= -CvX2TfDtag,,https://www.youtube.com/watch?v=
using a wrench, -XFfnfc6O6s ,23,33,train,https://www.youtube.com/watch?v= -XFfnfc6O6s ,,https://www.youtube.com/watch?v=
using a wrench, -YbKNRyAN40 ,39,49,train,https://www.youtube.com/watch?v= -YbKNRyAN40 ,,https://www.youtube.com/watch?v=
using a wrench, -eONMOFgzLs ,28,38,train,https://www.youtube.com/watch?v= -eONMOFgzLs ,,https://www.youtube.com/watch?v=
using a wrench, -gOdpBRMoAM ,28,38,train,https://www.youtube.com/watch?v= -gOdpBRMoAM ,,https://www.youtube.com/watch?v=
using a wrench, -xhvxO9fyoM ,8,18,train,https://www.youtube.com/watch?v= -xhvxO9fyoM ,,https://www.youtube.com/watch?v=
using a wrench,04Pcw0e3g8c  ,14,24,train,https://www.youtube.com/watch?v=04Pcw0e3g8c  ,,https://www.youtube.com/watch?v=
using a wrench,0OhNykmmldk  ,363,373,train,https://www.youtube.com/watch?v=0OhNykmmldk  ,,https://www.youtube.com/watch?v=
using a wrench,0eOm1vp2tOc  ,33,43,train,https://www.youtube.com/watch?v=0eOm1vp2tOc  ,,https://www.youtube.com/watch?v=
using a wrench,0nGLixRk430  ,31,41,train,https://www.youtube.com/watch?v=0nGLixRk430  ,,https://www.youtube.com/watch?v=
using a wrench,0s2rjhugfyo  ,123,133,train,https://www.youtube.com/watch?v=0s2rjhugfyo  ,,https://www.youtube.com/watch?v=
using a wrench,0t6P98zbM6c  ,36,46,train,https://www.youtube.com/watch?v=0t6P98zbM6c  ,,https://www.youtube.com/watch?v=
using a wrench,1-STfsNVSno  ,18,28,train,https://www.youtube.com/watch?v=1-STfsNVSno  ,,https://www.youtube.com/watch?v=
using a wrench,1-wxs7dfJCg  ,2,12,train,https://www.youtube.com/watch?v=1-wxs7dfJCg  ,,https://www.youtube.com/watch?v=
using a wrench,1Ca9SDR3CTw  ,367,377,train,https://www.youtube.com/watch?v=1Ca9SDR3CTw  ,,https://www.youtube.com/watch?v=
using a wrench,1CqyR0s8W58  ,258,268,train,https://www.youtube.com/watch?v=1CqyR0s8W58  ,,https://www.youtube.com/watch?v=
using a wrench,1K_EAK8H9Tg  ,23,33,train,https://www.youtube.com/watch?v=1K_EAK8H9Tg  ,,https://www.youtube.com/watch?v=
,,,,,,,https://www.youtube.com/watch?v=
,,,,,,,https://www.youtube.com/watch?v=
,,,,,,,https://www.youtube.com/watch?v=
,,,,,,,https://www.youtube.com/watch?v=
,,,,,,,https://www.youtube.com/watch?v=
,,,,,,,https://www.youtube.com/watch?v=
,,,,,,,https://www.youtube.com/watch?v=
,,,,,,,https://www.youtube.com/watch?v=
,,,,,,,https://www.youtube.com/watch?v=
,,,,,,,https://www.youtube.com/watch?v=
,,,,,,,https://www.youtube.com/watch?v=
,,,,,,,https://www.youtube.com/watch?v=
,,,,,,,https://www.youtube.com/watch?v=
,,,,,,,https://www.youtube.com/watch?v=
,,,,,,,https://www.youtube.com/watch?v=
,,,,,,,https://www.youtube.com/watch?v=
,,,,,,,https://www.youtube.com/watch?v=
,,,,,,,https://www.youtube.com/watch?v=
,,,,,,,https://www.youtube.com/watch?v=
,,,,,,,https://www.youtube.com/watch?v=
,,,,,,,https://www.youtube.com/watch?v=
,,,,,,,https://www.youtube.com/watch?v=
,,,,,,,https://www.youtube.com/watch?v=
,,,,,,,https://www.youtube.com/watch?v=
,,,,,,,https://www.youtube.com/watch?v=
,,,,,,,https://www.youtube.com/watch?v=
,,,,,,,https://www.youtube.com/watch?v=
,,,,,,,https://www.youtube.com/watch?v=
,,,,,,,https://www.youtube.com/watch?v=
,,,,,,,https://www.youtube.com/watch?v=
,,,,,,,https://www.youtube.com/watch?v=
,,,,,,,https://www.youtube.com/watch?v=
,,,,,,,https://www.youtube.com/watch?v=
,,,,,,,https://www.youtube.com/watch?v=
,,,,,,,https://www.youtube.com/watch?v=
,,,,,,,https://www.youtube.com/watch?v=
,,,,,,,https://www.youtube.com/watch?v=
,,,,,,,https://www.youtube.com/watch?v=
,,,,,,,https://www.youtube.com/watch?v=
,,,,,,,https://www.youtube.com/watch?v=
,,,,,,,https://www.youtube.com/watch?v=
,,,,,,,https://www.youtube.com/watch?v=
,,,,,,,https://www.youtube.com/watch?v=
,,,,,,,https://www.youtube.com/watch?v=
,,,,,,,https://www.youtube.com/watch?v=
,,,,,,,https://www.youtube.com/watch?v=
,,,,,,,https://www.youtube.com/watch?v=
,,,,,,,https://www.youtube.com/watch?v=
,,,,,,,https://www.youtube.com/watch?v=
,,,,,,,https://www.youtube.com/watch?v=
,,,,,,,https://www.youtube.com/watch?v=
,,,,,,,https://www.youtube.com/watch?v=
,,,,,,,https://www.youtube.com/watch?v=
,,,,,,,https://www.youtube.com/watch?v=
,,,,,,,https://www.youtube.com/watch?v=
,,,,,,,https://www.youtube.com/watch?v=
,,,,,,,https://www.youtube.com/watch?v=
,,,,,,,https://www.youtube.com/watch?v=
,,,,,,,https://www.youtube.com/watch?v=
,,,,,,,https://www.youtube.com/watch?v=
,,,,,,,https://www.youtube.com/watch?v=
,,,,,,,https://www.youtube.com/watch?v=
,,,,,,,https://www.youtube.com/watch?v=
,,,,,,,https://www.youtube.com/watch?v=
,,,,,,,https://www.youtube.com/watch?v=
,,,,,,,https://www.youtube.com/watch?v=
,,,,,,,https://www.youtube.com/watch?v=
,,,,,,,https://www.youtube.com/watch?v=
,,,,,,,https://www.youtube.com/watch?v=
,,,,,,,https://www.youtube.com/watch?v=
,,,,,,,https://www.youtube.com/watch?v=
,,,,,,,https://www.youtube.com/watch?v=
,,,,,,,https://www.youtube.com/watch?v=
,,,,,,,https://www.youtube.com/watch?v=
,,,,,,,https://www.youtube.com/watch?v=
,,,,,,,https://www.youtube.com/watch?v=
,,,,,,,https://www.youtube.com/watch?v=
,,,,,,,https://www.youtube.com/watch?v=
,,,,,,,https://www.youtube.com/watch?v=
,,,,,,,https://www.youtube.com/watch?v=
,,,,,,,https://www.youtube.com/watch?v=
,,,,,,,https://www.youtube.com/watch?v=
,,,,,,,https://www.youtube.com/watch?v=
,,,,,,,https://www.youtube.com/watch?v=
,,,,,,,https://www.youtube.com/watch?v=
,,,,,,,https://www.youtube.com/watch?v=
,,,,,,,https://www.youtube.com/watch?v=
,,,,,,,https://www.youtube.com/watch?v=
,,,,,,,https://www.youtube.com/watch?v=
,,,,,,,https://www.youtube.com/watch?v=
,,,,,,,https://www.youtube.com/watch?v=
,,,,,,,https://www.youtube.com/watch?v=
,,,,,,,https://www.youtube.com/watch?v=
,,,,,,,https://www.youtube.com/watch?v=
,,,,,,,https://www.youtube.com/watch?v=
,,,,,,,https://www.youtube.com/watch?v=
,,,,,,,https://www.youtube.com/watch?v=
,,,,,,,https://www.youtube.com/watch?v=
,,,,,,,https://www.youtube.com/watch?v=
,,,,,,,https://www.youtube.com/watch?v=
,,,,,,,https://www.youtube.com/watch?v=
,,,,,,,https://www.youtube.com/watch?v=
,,,,,,,https://www.youtube.com/watch?v=
,,,,,,,https://www.youtube.com/watch?v=
,,,,,,,https://www.youtube.com/watch?v=
,,,,,,,https://www.youtube.com/watch?v=
,,,,,,,https://www.youtube.com/watch?v=
,,,,,,,https://www.youtube.com/watch?v=
,,,,,,,https://www.youtube.com/watch?v=
,,,,,,,https://www.youtube.com/watch?v=
,,,,,,,https://www.youtube.com/watch?v=
,,,,,,,https://www.youtube.com/watch?v=
,,,,,,,https://www.youtube.com/watch?v=
,,,,,,,https://www.youtube.com/watch?v=
,,,,,,,https://www.youtube.com/watch?v=
,,,,,,,https://www.youtube.com/watch?v=
,,,,,,,https://www.youtube.com/watch?v=
,,,,,,,https://www.youtube.com/watch?v=
,,,,,,,https://www.youtube.com/watch?v=
,,,,,,,https://www.youtube.com/watch?v=
,,,,,,,https://www.youtube.com/watch?v=
,,,,,,,https://www.youtube.com/watch?v=
,,,,,,,https://www.youtube.com/watch?v=
,,,,,,,https://www.youtube.com/watch?v=
,,,,,,,https://www.youtube.com/watch?v=
,,,,,,,https://www.youtube.com/watch?v=
,,,,,,,https://www.youtube.com/watch?v=
,,,,,,,https://www.youtube.com/watch?v=
,,,,,,,https://www.youtube.com/watch?v=
,,,,,,,https://www.youtube.com/watch?v=
,,,,,,,https://www.youtube.com/watch?v=
,,,,,,,https://www.youtube.com/watch?v=
,,,,,,,https://www.youtube.com/watch?v=
,,,,,,,https://www.youtube.com/watch?v=
,,,,,,,https://www.youtube.com/watch?v=
,,,,,,,https://www.youtube.com/watch?v=
,,,,,,,https://www.youtube.com/watch?v=
,,,,,,,https://www.youtube.com/watch?v=
,,,,,,,https://www.youtube.com/watch?v=
,,,,,,,https://www.youtube.com/watch?v=
,,,,,,,https://www.youtube.com/watch?v=
,,,,,,,https://www.youtube.com/watch?v=
,,,,,,,https://www.youtube.com/watch?v=
,,,,,,,https://www.youtube.com/watch?v=
,,,,,,,https://www.youtube.com/watch?v=
,,,,,,,https://www.youtube.com/watch?v=
,,,,,,,https://www.youtube.com/watch?v=
,,,,,,,https://www.youtube.com/watch?v=
,,,,,,,https://www.youtube.com/watch?v=
,,,,,,,https://www.youtube.com/watch?v=
,,,,,,,https://www.youtube.com/watch?v=
,,,,,,,https://www.youtube.com/watch?v=
,,,,,,,https://www.youtube.com/watch?v=
,,,,,,,https://www.youtube.com/watch?v=
,,,,,,,https://www.youtube.com/watch?v=
,,,,,,,https://www.youtube.com/watch?v=
,,,,,,,https://www.youtube.com/watch?v=
,,,,,,,https://www.youtube.com/watch?v=
,,,,,,,https://www.youtube.com/watch?v=
,,,,,,,https://www.youtube.com/watch?v=
,,,,,,,https://www.youtube.com/watch?v=
,,,,,,,https://www.youtube.com/watch?v=
,,,,,,,https://www.youtube.com/watch?v=
,,,,,,,https://www.youtube.com/watch?v=
,,,,,,,https://www.youtube.com/watch?v=
,,,,,,,https://www.youtube.com/watch?v=
,,,,,,,https://www.youtube.com/watch?v=
,,,,,,,https://www.youtube.com/watch?v=
,,,,,,,https://www.youtube.com/watch?v=
,,,,,,,https://www.youtube.com/watch?v=
,,,,,,,https://www.youtube.com/watch?v=
,,,,,,,https://www.youtube.com/watch?v=
,,,,,,,https://www.youtube.com/watch?v=
,,,,,,,https://www.youtube.com/watch?v=
,,,,,,,https://www.youtube.com/watch?v=
,,,,,,,https://www.youtube.com/watch?v=
,,,,,,,https://www.youtube.com/watch?v=
,,,,,,,https://www.youtube.com/watch?v=
,,,,,,,https://www.youtube.com/watch?v=
,,,,,,,https://www.youtube.com/watch?v=
,,,,,,,https://www.youtube.com/watch?v=
,,,,,,,https://www.youtube.com/watch?v=
,,,,,,,https://www.youtube.com/watch?v=
,,,,,,,https://www.youtube.com/watch?v=
,,,,,,,https://www.youtube.com/watch?v=
,,,,,,,https://www.youtube.com/watch?v=
,,,,,,,https://www.youtube.com/watch?v=
,,,,,,,https://www.youtube.com/watch?v=
,,,,,,,https://www.youtube.com/watch?v=
,,,,,,,https://www.youtube.com/watch?v=
,,,,,,,https://www.youtube.com/watch?v=
,,,,,,,https://www.youtube.com/watch?v=
,,,,,,,https://www.youtube.com/watch?v=
,,,,,,,https://www.youtube.com/watch?v=
,,,,,,,https://www.youtube.com/watch?v=
,,,,,,,https://www.youtube.com/watch?v=
,,,,,,,https://www.youtube.com/watch?v=
,,,,,,,https://www.youtube.com/watch?v=
,,,,,,,https://www.youtube.com/watch?v=
,,,,,,,https://www.youtube.com/watch?v=
,,,,,,,https://www.youtube.com/watch?v=
,,,,,,,https://www.youtube.com/watch?v=
,,,,,,,https://www.youtube.com/watch?v=
,,,,,,,https://www.youtube.com/watch?v=
,,,,,,,https://www.youtube.com/watch?v=
,,,,,,,https://www.youtube.com/watch?v=
,,,,,,,https://www.youtube.com/watch?v=
,,,,,,,https://www.youtube.com/watch?v=
,,,,,,,https://www.youtube.com/watch?v=
,,,,,,,https://www.youtube.com/watch?v=
,,,,,,,https://www.youtube.com/watch?v=
,,,,,,,https://www.youtube.com/watch?v=
,,,,,,,https://www.youtube.com/watch?v=
,,,,,,,https://www.youtube.com/watch?v=
,,,,,,,https://www.youtube.com/watch?v=
,,,,,,,https://www.youtube.com/watch?v=
,,,,,,,https://www.youtube.com/watch?v=
,,,,,,,https://www.youtube.com/watch?v=
,,,,,,,https://www.youtube.com/watch?v=
,,,,,,,https://www.youtube.com/watch?v=
,,,,,,,https://www.youtube.com/watch?v=
,,,,,,,https://www.youtube.com/watch?v=
,,,,,,,https://www.youtube.com/watch?v=
,,,,,,,https://www.youtube.com/watch?v=
,,,,,,,https://www.youtube.com/watch?v=
,,,,,,,https://www.youtube.com/watch?v=
,,,,,,,https://www.youtube.com/watch?v=
,,,,,,,https://www.youtube.com/watch?v=
,,,,,,,https://www.youtube.com/watch?v=
,,,,,,,https://www.youtube.com/watch?v=
,,,,,,,https://www.youtube.com/watch?v=
,,,,,,,https://www.youtube.com/watch?v=
,,,,,,,https://www.youtube.com/watch?v=
,,,,,,,https://www.youtube.com/watch?v=
,,,,,,,https://www.youtube.com/watch?v=
,,,,,,,https://www.youtube.com/watch?v=
,,,,,,,https://www.youtube.com/watch?v=
,,,,,,,https://www.youtube.com/watch?v=
,,,,,,,https://www.youtube.com/watch?v=
,,,,,,,https://www.youtube.com/watch?v=
,,,,,,,https://www.youtube.com/watch?v=
,,,,,,,https://www.youtube.com/watch?v=
,,,,,,,https://www.youtube.com/watch?v=
,,,,,,,https://www.youtube.com/watch?v=
,,,,,,,https://www.youtube.com/watch?v=
,,,,,,,https://www.youtube.com/watch?v=
,,,,,,,https://www.youtube.com/watch?v=
,,,,,,,https://www.youtube.com/watch?v=
,,,,,,,https://www.youtube.com/watch?v=
,,,,,,,https://www.youtube.com/watch?v=
,,,,,,,https://www.youtube.com/watch?v=
,,,,,,,https://www.youtube.com/watch?v=
,,,,,,,https://www.youtube.com/watch?v=
,,,,,,,https://www.youtube.com/watch?v=
,,,,,,,https://www.youtube.com/watch?v=
,,,,,,,https://www.youtube.com/watch?v=
,,,,,,,https://www.youtube.com/watch?v=
,,,,,,,https://www.youtube.com/watch?v=
,,,,,,,https://www.youtube.com/watch?v=
,,,,,,,https://www.youtube.com/watch?v=
,,,,,,,https://www.youtube.com/watch?v=
,,,,,,,https://www.youtube.com/watch?v=
,,,,,,,https://www.youtube.com/watch?v=
,,,,,,,https://www.youtube.com/watch?v=
,,,,,,,https://www.youtube.com/watch?v=
,,,,,,,https://www.youtube.com/watch?v=
,,,,,,,https://www.youtube.com/watch?v=
,,,,,,,https://www.youtube.com/watch?v=
,,,,,,,https://www.youtube.com/watch?v=
,,,,,,,https://www.youtube.com/watch?v=
,,,,,,,https://www.youtube.com/watch?v=
,,,,,,,https://www.youtube.com/watch?v=
,,,,,,,https://www.youtube.com/watch?v=
,,,,,,,https://www.youtube.com/watch?v=
,,,,,,,https://www.youtube.com/watch?v=
,,,,,,,https://www.youtube.com/watch?v=
,,,,,,,https://www.youtube.com/watch?v=
,,,,,,,https://www.youtube.com/watch?v=
,,,,,,,https://www.youtube.com/watch?v=
,,,,,,,https://www.youtube.com/watch?v=
,,,,,,,https://www.youtube.com/watch?v=
,,,,,,,https://www.youtube.com/watch?v=
,,,,,,,https://www.youtube.com/watch?v=
,,,,,,,https://www.youtube.com/watch?v=
,,,,,,,https://www.youtube.com/watch?v=
,,,,,,,https://www.youtube.com/watch?v=
,,,,,,,https://www.youtube.com/watch?v=
,,,,,,,https://www.youtube.com/watch?v=
,,,,,,,https://www.youtube.com/watch?v=
,,,,,,,https://www.youtube.com/watch?v=
,,,,,,,https://www.youtube.com/watch?v=
,,,,,,,https://www.youtube.com/watch?v=
,,,,,,,https://www.youtube.com/watch?v=
,,,,,,,https://www.youtube.com/watch?v=
,,,,,,,https://www.youtube.com/watch?v=
,,,,,,,https://www.youtube.com/watch?v=
,,,,,,,https://www.youtube.com/watch?v=
,,,,,,,https://www.youtube.com/watch?v=
,,,,,,,https://www.youtube.com/watch?v=
,,,,,,,https://www.youtube.com/watch?v=
,,,,,,,https://www.youtube.com/watch?v=
,,,,,,,https://www.youtube.com/watch?v=
,,,,,,,https://www.youtube.com/watch?v=
,,,,,,,https://www.youtube.com/watch?v=
,,,,,,,https://www.youtube.com/watch?v=
,,,,,,,https://www.youtube.com/watch?v=
,,,,,,,https://www.youtube.com/watch?v=
,,,,,,,https://www.youtube.com/watch?v=
,,,,,,,https://www.youtube.com/watch?v=
,,,,,,,https://www.youtube.com/watch?v=
,,,,,,,https://www.youtube.com/watch?v=
,,,,,,,https://www.youtube.com/watch?v=
,,,,,,,https://www.youtube.com/watch?v=
,,,,,,,https://www.youtube.com/watch?v=
,,,,,,,https://www.youtube.com/watch?v=
,,,,,,,https://www.youtube.com/watch?v=
,,,,,,,https://www.youtube.com/watch?v=
,,,,,,,https://www.youtube.com/watch?v=
,,,,,,,https://www.youtube.com/watch?v=
,,,,,,,https://www.youtube.com/watch?v=
,,,,,,,https://www.youtube.com/watch?v=
,,,,,,,https://www.youtube.com/watch?v=
,,,,,,,https://www.youtube.com/watch?v=
,,,,,,,https://www.youtube.com/watch?v=
,,,,,,,https://www.youtube.com/watch?v=
,,,,,,,https://www.youtube.com/watch?v=
,,,,,,,https://www.youtube.com/watch?v=
,,,,,,,https://www.youtube.com/watch?v=
,,,,,,,https://www.youtube.com/watch?v=
,,,,,,,https://www.youtube.com/watch?v=
,,,,,,,https://www.youtube.com/watch?v=
,,,,,,,https://www.youtube.com/watch?v=
,,,,,,,https://www.youtube.com/watch?v=
,,,,,,,https://www.youtube.com/watch?v=
,,,,,,,https://www.youtube.com/watch?v=
,,,,,,,https://www.youtube.com/watch?v=
,,,,,,,https://www.youtube.com/watch?v=
,,,,,,,https://www.youtube.com/watch?v=
,,,,,,,https://www.youtube.com/watch?v=
,,,,,,,https://www.youtube.com/watch?v=
,,,,,,,https://www.youtube.com/watch?v=
,,,,,,,https://www.youtube.com/watch?v=
,,,,,,,https://www.youtube.com/watch?v=
,,,,,,,https://www.youtube.com/watch?v=
,,,,,,,https://www.youtube.com/watch?v=
,,,,,,,https://www.youtube.com/watch?v=
,,,,,,,https://www.youtube.com/watch?v=
,,,,,,,https://www.youtube.com/watch?v=
,,,,,,,https://www.youtube.com/watch?v=
,,,,,,,https://www.youtube.com/watch?v=
,,,,,,,https://www.youtube.com/watch?v=
,,,,,,,https://www.youtube.com/watch?v=
,,,,,,,https://www.youtube.com/watch?v=
,,,,,,,https://www.youtube.com/watch?v=
,,,,,,,https://www.youtube.com/watch?v=
,,,,,,,https://www.youtube.com/watch?v=
,,,,,,,https://www.youtube.com/watch?v=
,,,,,,,https://www.youtube.com/watch?v=
,,,,,,,https://www.youtube.com/watch?v=
,,,,,,,https://www.youtube.com/watch?v=
,,,,,,,https://www.youtube.com/watch?v=
,,,,,,,https://www.youtube.com/watch?v=
,,,,,,,https://www.youtube.com/watch?v=
,,,,,,,https://www.youtube.com/watch?v=
,,,,,,,https://www.youtube.com/watch?v=
,,,,,,,https://www.youtube.com/watch?v=
,,,,,,,https://www.youtube.com/watch?v=
,,,,,,,https://www.youtube.com/watch?v=
,,,,,,,https://www.youtube.com/watch?v=
,,,,,,,https://www.youtube.com/watch?v=
,,,,,,,https://www.youtube.com/watch?v=
,,,,,,,https://www.youtube.com/watch?v=
,,,,,,,https://www.youtube.com/watch?v=
,,,,,,,https://www.youtube.com/watch?v=
,,,,,,,https://www.youtube.com/watch?v=
,,,,,,,https://www.youtube.com/watch?v=
,,,,,,,https://www.youtube.com/watch?v=
,,,,,,,https://www.youtube.com/watch?v=
,,,,,,,https://www.youtube.com/watch?v=
,,,,,,,https://www.youtube.com/watch?v=
,,,,,,,https://www.youtube.com/watch?v=
,,,,,,,https://www.youtube.com/watch?v=
,,,,,,,https://www.youtube.com/watch?v=
,,,,,,,https://www.youtube.com/watch?v=
,,,,,,,https://www.youtube.com/watch?v=
,,,,,,,https://www.youtube.com/watch?v=
,,,,,,,https://www.youtube.com/watch?v=
,,,,,,,https://www.youtube.com/watch?v=
,,,,,,,https://www.youtube.com/watch?v=
,,,,,,,https://www.youtube.com/watch?v=
,,,,,,,https://www.youtube.com/watch?v=
,,,,,,,https://www.youtube.com/watch?v=
,,,,,,,https://www.youtube.com/watch?v=
,,,,,,,https://www.youtube.com/watch?v=
,,,,,,,https://www.youtube.com/watch?v=
,,,,,,,https://www.youtube.com/watch?v=
,,,,,,,https://www.youtube.com/watch?v=
,,,,,,,https://www.youtube.com/watch?v=
,,,,,,,https://www.youtube.com/watch?v=
,,,,,,,https://www.youtube.com/watch?v=
,,,,,,,https://www.youtube.com/watch?v=
,,,,,,,https://www.youtube.com/watch?v=
,,,,,,,https://www.youtube.com/watch?v=
,,,,,,,https://www.youtube.com/watch?v=
,,,,,,,https://www.youtube.com/watch?v=
,,,,,,,https://www.youtube.com/watch?v=
,,,,,,,https://www.youtube.com/watch?v=
,,,,,,,https://www.youtube.com/watch?v=
,,,,,,,https://www.youtube.com/watch?v=
,,,,,,,https://www.youtube.com/watch?v=
,,,,,,,https://www.youtube.com/watch?v=
,,,,,,,https://www.youtube.com/watch?v=
,,,,,,,https://www.youtube.com/watch?v=
,,,,,,,https://www.youtube.com/watch?v=
,,,,,,,https://www.youtube.com/watch?v=
,,,,,,,https://www.youtube.com/watch?v=
,,,,,,,https://www.youtube.com/watch?v=
,,,,,,,https://www.youtube.com/watch?v=
,,,,,,,https://www.youtube.com/watch?v=
,,,,,,,https://www.youtube.com/watch?v=
,,,,,,,https://www.youtube.com/watch?v=
,,,,,,,https://www.youtube.com/watch?v=
,,,,,,,https://www.youtube.com/watch?v=
,,,,,,,https://www.youtube.com/watch?v=
,,,,,,,https://www.youtube.com/watch?v=
,,,,,,,https://www.youtube.com/watch?v=
,,,,,,,https://www.youtube.com/watch?v=
,,,,,,,https://www.youtube.com/watch?v=
,,,,,,,https://www.youtube.com/watch?v=
,,,,,,,https://www.youtube.com/watch?v=
,,,,,,,https://www.youtube.com/watch?v=
,,,,,,,https://www.youtube.com/watch?v=
,,,,,,,https://www.youtube.com/watch?v=
,,,,,,,https://www.youtube.com/watch?v=
,,,,,,,https://www.youtube.com/watch?v=
,,,,,,,https://www.youtube.com/watch?v=
,,,,,,,https://www.youtube.com/watch?v=
,,,,,,,https://www.youtube.com/watch?v=
,,,,,,,https://www.youtube.com/watch?v=
,,,,,,,https://www.youtube.com/watch?v=
,,,,,,,https://www.youtube.com/watch?v=
,,,,,,,https://www.youtube.com/watch?v=
,,,,,,,https://www.youtube.com/watch?v=
,,,,,,,https://www.youtube.com/watch?v=
,,,,,,,https://www.youtube.com/watch?v=
,,,,,,,https://www.youtube.com/watch?v=
,,,,,,,https://www.youtube.com/watch?v=
,,,,,,,https://www.youtube.com/watch?v=
,,,,,,,https://www.youtube.com/watch?v=
,,,,,,,https://www.youtube.com/watch?v=
,,,,,,,https://www.youtube.com/watch?v=
,,,,,,,https://www.youtube.com/watch?v=
,,,,,,,https://www.youtube.com/watch?v=
,,,,,,,https://www.youtube.com/watch?v=
,,,,,,,https://www.youtube.com/watch?v=
,,,,,,,https://www.youtube.com/watch?v=
,,,,,,,https://www.youtube.com/watch?v=
,,,,,,,https://www.youtube.com/watch?v=
,,,,,,,https://www.youtube.com/watch?v=
,,,,,,,https://www.youtube.com/watch?v=
,,,,,,,https://www.youtube.com/watch?v=
,,,,,,,https://www.youtube.com/watch?v=
,,,,,,,https://www.youtube.com/watch?v=
,,,,,,,https://www.youtube.com/watch?v=
,,,,,,,https://www.youtube.com/watch?v=
,,,,,,,https://www.youtube.com/watch?v=
,,,,,,,https://www.youtube.com/watch?v=
,,,,,,,https://www.youtube.com/watch?v=
,,,,,,,https://www.youtube.com/watch?v=
,,,,,,,https://www.youtube.com/watch?v=
,,,,,,,https://www.youtube.com/watch?v=
,,,,,,,https://www.youtube.com/watch?v=
,,,,,,,https://www.youtube.com/watch?v=
,,,,,,,https://www.youtube.com/watch?v=
,,,,,,,https://www.youtube.com/watch?v=
,,,,,,,https://www.youtube.com/watch?v=
,,,,,,,https://www.youtube.com/watch?v=
,,,,,,,https://www.youtube.com/watch?v=
,,,,,,,https://www.youtube.com/watch?v=
,,,,,,,https://www.youtube.com/watch?v=
,,,,,,,https://www.youtube.com/watch?v=
,,,,,,,https://www.youtube.com/watch?v=
,,,,,,,https://www.youtube.com/watch?v=
,,,,,,,https://www.youtube.com/watch?v=
,,,,,,,https://www.youtube.com/watch?v=
,,,,,,,https://www.youtube.com/watch?v=
,,,,,,,https://www.youtube.com/watch?v=
,,,,,,,https://www.youtube.com/watch?v=
,,,,,,,https://www.youtube.com/watch?v=
,,,,,,,https://www.youtube.com/watch?v=
,,,,,,,https://www.youtube.com/watch?v=
,,,,,,,https://www.youtube.com/watch?v=
,,,,,,,https://www.youtube.com/watch?v=
,,,,,,,https://www.youtube.com/watch?v=
,,,,,,,https://www.youtube.com/watch?v=
,,,,,,,https://www.youtube.com/watch?v=
,,,,,,,https://www.youtube.com/watch?v=
,,,,,,,https://www.youtube.com/watch?v=
,,,,,,,https://www.youtube.com/watch?v=
,,,,,,,https://www.youtube.com/watch?v=
,,,,,,,https://www.youtube.com/watch?v=
,,,,,,,https://www.youtube.com/watch?v=
,,,,,,,https://www.youtube.com/watch?v=
,,,,,,,https://www.youtube.com/watch?v=
,,,,,,,https://www.youtube.com/watch?v=
,,,,,,,https://www.youtube.com/watch?v=
,,,,,,,https://www.youtube.com/watch?v=
,,,,,,,https://www.youtube.com/watch?v=
,,,,,,,https://www.youtube.com/watch?v=
,,,,,,,https://www.youtube.com/watch?v=
,,,,,,,https://www.youtube.com/watch?v=
,,,,,,,https://www.youtube.com/watch?v=
,,,,,,,https://www.youtube.com/watch?v=
,,,,,,,https://www.youtube.com/watch?v=
,,,,,,,https://www.youtube.com/watch?v=
,,,,,,,https://www.youtube.com/watch?v=
,,,,,,,https://www.youtube.com/watch?v=
,,,,,,,https://www.youtube.com/watch?v=
,,,,,,,https://www.youtube.com/watch?v=
,,,,,,,https://www.youtube.com/watch?v=
,,,,,,,https://www.youtube.com/watch?v=
,,,,,,,https://www.youtube.com/watch?v=
,,,,,,,https://www.youtube.com/watch?v=
,,,,,,,https://www.youtube.com/watch?v=
,,,,,,,https://www.youtube.com/watch?v=
,,,,,,,https://www.youtube.com/watch?v=
,,,,,,,https://www.youtube.com/watch?v=
,,,,,,,https://www.youtube.com/watch?v=
,,,,,,,https://www.youtube.com/watch?v=
,,,,,,,https://www.youtube.com/watch?v=
,,,,,,,https://www.youtube.com/watch?v=
,,,,,,,https://www.youtube.com/watch?v=
,,,,,,,https://www.youtube.com/watch?v=
,,,,,,,https://www.youtube.com/watch?v=
,,,,,,,https://www.youtube.com/watch?v=
,,,,,,,https://www.youtube.com/watch?v=
,,,,,,,https://www.youtube.com/watch?v=
,,,,,,,https://www.youtube.com/watch?v=
,,,,,,,https://www.youtube.com/watch?v=
,,,,,,,https://www.youtube.com/watch?v=
,,,,,,,https://www.youtube.com/watch?v=
,,,,,,,https://www.youtube.com/watch?v=
,,,,,,,https://www.youtube.com/watch?v=
,,,,,,,https://www.youtube.com/watch?v=
,,,,,,,https://www.youtube.com/watch?v=
,,,,,,,https://www.youtube.com/watch?v=
,,,,,,,https://www.youtube.com/watch?v=
,,,,,,,https://www.youtube.com/watch?v=
,,,,,,,https://www.youtube.com/watch?v=
,,,,,,,https://www.youtube.com/watch?v=
,,,,,,,https://www.youtube.com/watch?v=
,,,,,,,https://www.youtube.com/watch?v=
,,,,,,,https://www.youtube.com/watch?v=
,,,,,,,https://www.youtube.com/watch?v=
,,,,,,,https://www.youtube.com/watch?v=
,,,,,,,https://www.youtube.com/watch?v=
,,,,,,,https://www.youtube.com/watch?v=
,,,,,,,https://www.youtube.com/watch?v=
,,,,,,,https://www.youtube.com/watch?v=
,,,,,,,https://www.youtube.com/watch?v=
,,,,,,,https://www.youtube.com/watch?v=
,,,,,,,https://www.youtube.com/watch?v=
,,,,,,,https://www.youtube.com/watch?v=
,,,,,,,https://www.youtube.com/watch?v=
,,,,,,,https://www.youtube.com/watch?v=
,,,,,,,https://www.youtube.com/watch?v=
,,,,,,,https://www.youtube.com/watch?v=
,,,,,,,https://www.youtube.com/watch?v=
,,,,,,,https://www.youtube.com/watch?v=
,,,,,,,https://www.youtube.com/watch?v=
,,,,,,,https://www.youtube.com/watch?v=
,,,,,,,https://www.youtube.com/watch?v=
,,,,,,,https://www.youtube.com/watch?v=
,,,,,,,https://www.youtube.com/watch?v=
,,,,,,,https://www.youtube.com/watch?v=
,,,,,,,https://www.youtube.com/watch?v=
,,,,,,,https://www.youtube.com/watch?v=
,,,,,,,https://www.youtube.com/watch?v=
,,,,,,,https://www.youtube.com/watch?v=
,,,,,,,https://www.youtube.com/watch?v=
,,,,,,,https://www.youtube.com/watch?v=
,,,,,,,https://www.youtube.com/watch?v=
,,,,,,,https://www.youtube.com/watch?v=
,,,,,,,https://www.youtube.com/watch?v=
,,,,,,,https://www.youtube.com/watch?v=
,,,,,,,https://www.youtube.com/watch?v=
,,,,,,,https://www.youtube.com/watch?v=
,,,,,,,https://www.youtube.com/watch?v=
,,,,,,,https://www.youtube.com/watch?v=
,,,,,,,https://www.youtube.com/watch?v=
,,,,,,,https://www.youtube.com/watch?v=
,,,,,,,https://www.youtube.com/watch?v=
,,,,,,,https://www.youtube.com/watch?v=
,,,,,,,https://www.youtube.com/watch?v=
,,,,,,,https://www.youtube.com/watch?v=
,,,,,,,https://www.youtube.com/watch?v=
,,,,,,,https://www.youtube.com/watch?v=
,,,,,,,https://www.youtube.com/watch?v=
,,,,,,,https://www.youtube.com/watch?v=
,,,,,,,https://www.youtube.com/watch?v=
,,,,,,,https://www.youtube.com/watch?v=
,,,,,,,https://www.youtube.com/watch?v=
,,,,,,,https://www.youtube.com/watch?v=
,,,,,,,https://www.youtube.com/watch?v=
,,,,,,,https://www.youtube.com/watch?v=
,,,,,,,https://www.youtube.com/watch?v=
,,,,,,,https://www.youtube.com/watch?v=
,,,,,,,https://www.youtube.com/watch?v=
,,,,,,,https://www.youtube.com/watch?v=
,,,,,,,https://www.youtube.com/watch?v=
,,,,,,,https://www.youtube.com/watch?v=
,,,,,,,https://www.youtube.com/watch?v=
,,,,,,,https://www.youtube.com/watch?v=
,,,,,,,https://www.youtube.com/watch?v=
,,,,,,,https://www.youtube.com/watch?v=
,,,,,,,https://www.youtube.com/watch?v=
,,,,,,,https://www.youtube.com/watch?v=
,,,,,,,https://www.youtube.com/watch?v=
,,,,,,,https://www.youtube.com/watch?v=
,,,,,,,https://www.youtube.com/watch?v=
,,,,,,,https://www.youtube.com/watch?v=
,,,,,,,https://www.youtube.com/watch?v=
,,,,,,,https://www.youtube.com/watch?v=
,,,,,,,https://www.youtube.com/watch?v=
,,,,,,,https://www.youtube.com/watch?v=
,,,,,,,https://www.youtube.com/watch?v=
,,,,,,,https://www.youtube.com/watch?v=
,,,,,,,https://www.youtube.com/watch?v=
,,,,,,,https://www.youtube.com/watch?v=
,,,,,,,https://www.youtube.com/watch?v=
,,,,,,,https://www.youtube.com/watch?v=
,,,,,,,https://www.youtube.com/watch?v=
,,,,,,,https://www.youtube.com/watch?v=
,,,,,,,https://www.youtube.com/watch?v=
,,,,,,,https://www.youtube.com/watch?v=
,,,,,,,https://www.youtube.com/watch?v=
,,,,,,,https://www.youtube.com/watch?v=
,,,,,,,https://www.youtube.com/watch?v=
,,,,,,,https://www.youtube.com/watch?v=
,,,,,,,https://www.youtube.com/watch?v=
,,,,,,,https://www.youtube.com/watch?v=
,,,,,,,https://www.youtube.com/watch?v=
,,,,,,,https://www.youtube.com/watch?v=
,,,,,,,https://www.youtube.com/watch?v=
,,,,,,,https://www.youtube.com/watch?v=
,,,,,,,https://www.youtube.com/watch?v=
,,,,,,,https://www.youtube.com/watch?v=
,,,,,,,https://www.youtube.com/watch?v=
,,,,,,,https://www.youtube.com/watch?v=
,,,,,,,https://www.youtube.com/watch?v=
,,,,,,,https://www.youtube.com/watch?v=
,,,,,,,https://www.youtube.com/watch?v=
,,,,,,,https://www.youtube.com/watch?v=
,,,,,,,https://www.youtube.com/watch?v=
,,,,,,,https://www.youtube.com/watch?v=
,,,,,,,https://www.youtube.com/watch?v=
,,,,,,,https://www.youtube.com/watch?v=
,,,,,,,https://www.youtube.com/watch?v=
,,,,,,,https://www.youtube.com/watch?v=
,,,,,,,https://www.youtube.com/watch?v=
,,,,,,,https://www.youtube.com/watch?v=
,,,,,,,https://www.youtube.com/watch?v=
,,,,,,,https://www.youtube.com/watch?v=
,,,,,,,https://www.youtube.com/watch?v=
,,,,,,,https://www.youtube.com/watch?v=
,,,,,,,https://www.youtube.com/watch?v=
,,,,,,,https://www.youtube.com/watch?v=
,,,,,,,https://www.youtube.com/watch?v=
,,,,,,,https://www.youtube.com/watch?v=
,,,,,,,https://www.youtube.com/watch?v=
,,,,,,,https://www.youtube.com/watch?v=
,,,,,,,https://www.youtube.com/watch?v=
,,,,,,,https://www.youtube.com/watch?v=
,,,,,,,https://www.youtube.com/watch?v=
,,,,,,,https://www.youtube.com/watch?v=
,,,,,,,https://www.youtube.com/watch?v=
,,,,,,,https://www.youtube.com/watch?v=
,,,,,,,https://www.youtube.com/watch?v=
,,,,,,,https://www.youtube.com/watch?v=
,,,,,,,https://www.youtube.com/watch?v=
,,,,,,,https://www.youtube.com/watch?v=
,,,,,,,https://www.youtube.com/watch?v=
,,,,,,,https://www.youtube.com/watch?v=
,,,,,,,https://www.youtube.com/watch?v=
,,,,,,,https://www.youtube.com/watch?v=
,,,,,,,https://www.youtube.com/watch?v=
,,,,,,,https://www.youtube.com/watch?v=
,,,,,,,https://www.youtube.com/watch?v=
,,,,,,,https://www.youtube.com/watch?v=
,,,,,,,https://www.youtube.com/watch?v=
,,,,,,,https://www.youtube.com/watch?v=
,,,,,,,https://www.youtube.com/watch?v=
,,,,,,,https://www.youtube.com/watch?v=
,,,,,,,https://www.youtube.com/watch?v=
,,,,,,,https://www.youtube.com/watch?v=
,,,,,,,https://www.youtube.com/watch?v=
,,,,,,,https://www.youtube.com/watch?v=
,,,,,,,https://www.youtube.com/watch?v=
,,,,,,,https://www.youtube.com/watch?v=
,,,,,,,https://www.youtube.com/watch?v=
,,,,,,,https://www.youtube.com/watch?v=
,,,,,,,https://www.youtube.com/watch?v=
,,,,,,,https://www.youtube.com/watch?v=
,,,,,,,https://www.youtube.com/watch?v=
,,,,,,,https://www.youtube.com/watch?v=
,,,,,,,https://www.youtube.com/watch?v=
,,,,,,,https://www.youtube.com/watch?v=
,,,,,,,https://www.youtube.com/watch?v=
,,,,,,,https://www.youtube.com/watch?v=
,,,,,,,https://www.youtube.com/watch?v=
,,,,,,,https://www.youtube.com/watch?v=
,,,,,,,https://www.youtube.com/watch?v=
,,,,,,,https://www.youtube.com/watch?v=
,,,,,,,https://www.youtube.com/watch?v=
,,,,,,,https://www.youtube.com/watch?v=
,,,,,,,https://www.youtube.com/watch?v=
,,,,,,,https://www.youtube.com/watch?v=
,,,,,,,https://www.youtube.com/watch?v=
,,,,,,,https://www.youtube.com/watch?v=
,,,,,,,https://www.youtube.com/watch?v=
,,,,,,,https://www.youtube.com/watch?v=
,,,,,,,https://www.youtube.com/watch?v=
,,,,,,,https://www.youtube.com/watch?v=
,,,,,,,https://www.youtube.com/watch?v=
,,,,,,,https://www.youtube.com/watch?v=
,,,,,,,https://www.youtube.com/watch?v=
,,,,,,,https://www.youtube.com/watch?v=
,,,,,,,https://www.youtube.com/watch?v=
,,,,,,,https://www.youtube.com/watch?v=
,,,,,,,https://www.youtube.com/watch?v=
,,,,,,,https://www.youtube.com/watch?v=
,,,,,,,https://www.youtube.com/watch?v=
,,,,,,,https://www.youtube.com/watch?v=
,,,,,,,https://www.youtube.com/watch?v=
,,,,,,,https://www.youtube.com/watch?v=
,,,,,,,https://www.youtube.com/watch?v=
,,,,,,,https://www.youtube.com/watch?v=
,,,,,,,https://www.youtube.com/watch?v=
,,,,,,,https://www.youtube.com/watch?v=
,,,,,,,https://www.youtube.com/watch?v=
,,,,,,,https://www.youtube.com/watch?v=
,,,,,,,https://www.youtube.com/watch?v=
,,,,,,,https://www.youtube.com/watch?v=
,,,,,,,https://www.youtube.com/watch?v=
,,,,,,,https://www.youtube.com/watch?v=
,,,,,,,https://www.youtube.com/watch?v=
,,,,,,,https://www.youtube.com/watch?v=
,,,,,,,https://www.youtube.com/watch?v=
,,,,,,,https://www.youtube.com/watch?v=
,,,,,,,https://www.youtube.com/watch?v=
,,,,,,,https://www.youtube.com/watch?v=
,,,,,,,https://www.youtube.com/watch?v=
,,,,,,,https://www.youtube.com/watch?v=
,,,,,,,https://www.youtube.com/watch?v=
,,,,,,,https://www.youtube.com/watch?v=
,,,,,,,https://www.youtube.com/watch?v=
,,,,,,,https://www.youtube.com/watch?v=
,,,,,,,https://www.youtube.com/watch?v=
,,,,,,,https://www.youtube.com/watch?v=
,,,,,,,https://www.youtube.com/watch?v=
,,,,,,,https://www.youtube.com/watch?v=
,,,,,,,https://www.youtube.com/watch?v=
,,,,,,,https://www.youtube.com/watch?v=
,,,,,,,https://www.youtube.com/watch?v=
,,,,,,,https://www.youtube.com/watch?v=
,,,,,,,https://www.youtube.com/watch?v=
,,,,,,,https://www.youtube.com/watch?v=
,,,,,,,https://www.youtube.com/watch?v=
,,,,,,,https://www.youtube.com/watch?v=
,,,,,,,https://www.youtube.com/watch?v=
,,,,,,,https://www.youtube.com/watch?v=
,,,,,,,https://www.youtube.com/watch?v=
,,,,,,,https://www.youtube.com/watch?v=
,,,,,,,https://www.youtube.com/watch?v=
,,,,,,,https://www.youtube.com/watch?v=
,,,,,,,https://www.youtube.com/watch?v=
,,,,,,,https://www.youtube.com/watch?v=
,,,,,,,https://www.youtube.com/watch?v=
,,,,,,,https://www.youtube.com/watch?v=
,,,,,,,https://www.youtube.com/watch?v=
,,,,,,,https://www.youtube.com/watch?v=
,,,,,,,https://www.youtube.com/watch?v=
,,,,,,,https://www.youtube.com/watch?v=
,,,,,,,https://www.youtube.com/watch?v=
,,,,,,,https://www.youtube.com/watch?v=
,,,,,,,https://www.youtube.com/watch?v=
,,,,,,,https://www.youtube.com/watch?v=
,,,,,,,https://www.youtube.com/watch?v=
,,,,,,,https://www.youtube.com/watch?v=
,,,,,,,https://www.youtube.com/watch?v=
,,,,,,,https://www.youtube.com/watch?v=
,,,,,,,https://www.youtube.com/watch?v=
,,,,,,,https://www.youtube.com/watch?v=
,,,,,,,https://www.youtube.com/watch?v=
,,,,,,,https://www.youtube.com/watch?v=
,,,,,,,https://www.youtube.com/watch?v=
,,,,,,,https://www.youtube.com/watch?v=
,,,,,,,https://www.youtube.com/watch?v=
,,,,,,,https://www.youtube.com/watch?v=
,,,,,,,https://www.youtube.com/watch?v=
,,,,,,,https://www.youtube.com/watch?v=
,,,,,,,https://www.youtube.com/watch?v=
,,,,,,,https://www.youtube.com/watch?v=
,,,,,,,https://www.youtube.com/watch?v=
,,,,,,,https://www.youtube.com/watch?v=
,,,,,,,https://www.youtube.com/watch?v=
,,,,,,,https://www.youtube.com/watch?v=
,,,,,,,https://www.youtube.com/watch?v=
,,,,,,,https://www.youtube.com/watch?v=
,,,,,,,https://www.youtube.com/watch?v=
,,,,,,,https://www.youtube.com/watch?v=
,,,,,,,https://www.youtube.com/watch?v=
,,,,,,,https://www.youtube.com/watch?v=
,,,,,,,https://www.youtube.com/watch?v=
,,,,,,,https://www.youtube.com/watch?v=
,,,,,,,https://www.youtube.com/watch?v=
,,,,,,,https://www.youtube.com/watch?v=
,,,,,,,https://www.youtube.com/watch?v=
,,,,,,,https://www.youtube.com/watch?v=
,,,,,,,https://www.youtube.com/watch?v=
,,,,,,,https://www.youtube.com/watch?v=
,,,,,,,https://www.youtube.com/watch?v=
,,,,,,,https://www.youtube.com/watch?v=
,,,,,,,https://www.youtube.com/watch?v=
,,,,,,,https://www.youtube.com/watch?v=
,,,,,,,https://www.youtube.com/watch?v=
,,,,,,,https://www.youtube.com/watch?v=
,,,,,,,https://www.youtube.com/watch?v=
,,,,,,,https://www.youtube.com/watch?v=
,,,,,,,https://www.youtube.com/watch?v=
,,,,,,,https://www.youtube.com/watch?v=
,,,,,,,https://www.youtube.com/watch?v=
,,,,,,,https://www.youtube.com/watch?v=
,,,,,,,https://www.youtube.com/watch?v=
,,,,,,,https://www.youtube.com/watch?v=
,,,,,,,https://www.youtube.com/watch?v=
,,,,,,,https://www.youtube.com/watch?v=
,,,,,,,https://www.youtube.com/watch?v=
,,,,,,,https://www.youtube.com/watch?v=
,,,,,,,https://www.youtube.com/watch?v=
,,,,,,,https://www.youtube.com/watch?v=
,,,,,,,https://www.youtube.com/watch?v=
,,,,,,,https://www.youtube.com/watch?v=
,,,,,,,https://www.youtube.com/watch?v=
,,,,,,,https://www.youtube.com/watch?v=
,,,,,,,https://www.youtube.com/watch?v=
,,,,,,,https://www.youtube.com/watch?v=
,,,,,,,https://www.youtube.com/watch?v=
,,,,,,,https://www.youtube.com/watch?v=
,,,,,,,https://www.youtube.com/watch?v=
,,,,,,,https://www.youtube.com/watch?v=
,,,,,,,https://www.youtube.com/watch?v=
,,,,,,,https://www.youtube.com/watch?v=
,,,,,,,https://www.youtube.com/watch?v=
,,,,,,,https://www.youtube.com/watch?v=
,,,,,,,https://www.youtube.com/watch?v=
,,,,,,,https://www.youtube.com/watch?v=
,,,,,,,https://www.youtube.com/watch?v=
,,,,,,,https://www.youtube.com/watch?v=
,,,,,,,https://www.youtube.com/watch?v=
,,,,,,,https://www.youtube.com/watch?v=
,,,,,,,https://www.youtube.com/watch?v=
,,,,,,,https://www.youtube.com/watch?v=
,,,,,,,https://www.youtube.com/watch?v=
,,,,,,,https://www.youtube.com/watch?v=
,,,,,,,https://www.youtube.com/watch?v=
,,,,,,,https://www.youtube.com/watch?v=
,,,,,,,https://www.youtube.com/watch?v=
,,,,,,,https://www.youtube.com/watch?v=
,,,,,,,https://www.youtube.com/watch?v=
,,,,,,,https://www.youtube.com/watch?v=
,,,,,,,https://www.youtube.com/watch?v=
,,,,,,,https://www.youtube.com/watch?v=
,,,,,,,https://www.youtube.com/watch?v=
,,,,,,,https://www.youtube.com/watch?v=
,,,,,,,https://www.youtube.com/watch?v=
,,,,,,,https://www.youtube.com/watch?v=
,,,,,,,https://www.youtube.com/watch?v=
,,,,,,,https://www.youtube.com/watch?v=
,,,,,,,https://www.youtube.com/watch?v=
,,,,,,,https://www.youtube.com/watch?v=
,,,,,,,https://www.youtube.com/watch?v=
,,,,,,,https://www.youtube.com/watch?v=
,,,,,,,https://www.youtube.com/watch?v=
,,,,,,,https://www.youtube.com/watch?v=
,,,,,,,https://www.youtube.com/watch?v=
,,,,,,,https://www.youtube.com/watch?v=
,,,,,,,https://www.youtube.com/watch?v=
,,,,,,,https://www.youtube.com/watch?v=
,,,,,,,https://www.youtube.com/watch?v=
,,,,,,,https://www.youtube.com/watch?v=
,,,,,,,https://www.youtube.com/watch?v=
,,,,,,,https://www.youtube.com/watch?v=
,,,,,,,https://www.youtube.com/watch?v=
,,,,,,,https://www.youtube.com/watch?v=
,,,,,,,https://www.youtube.com/watch?v=
,,,,,,,https://www.youtube.com/watch?v=
,,,,,,,https://www.youtube.com/watch?v=
,,,,,,,https://www.youtube.com/watch?v=
,,,,,,,https://www.youtube.com/watch?v=
,,,,,,,https://www.youtube.com/watch?v=
,,,,,,,https://www.youtube.com/watch?v=
,,,,,,,https://www.youtube.com/watch?v=
,,,,,,,https://www.youtube.com/watch?v=
,,,,,,,https://www.youtube.com/watch?v=
,,,,,,,https://www.youtube.com/watch?v=
,,,,,,,https://www.youtube.com/watch?v=
,,,,,,,https://www.youtube.com/watch?v=
,,,,,,,https://www.youtube.com/watch?v=
,,,,,,,https://www.youtube.com/watch?v=
,,,,,,,https://www.youtube.com/watch?v=
,,,,,,,https://www.youtube.com/watch?v=
,,,,,,,https://www.youtube.com/watch?v=
,,,,,,,https://www.youtube.com/watch?v=
,,,,,,,https://www.youtube.com/watch?v=
,,,,,,,https://www.youtube.com/watch?v=
,,,,,,,https://www.youtube.com/watch?v=
,,,,,,,https://www.youtube.com/watch?v=
,,,,,,,https://www.youtube.com/watch?v=
,,,,,,,https://www.youtube.com/watch?v=
,,,,,,,https://www.youtube.com/watch?v=
,,,,,,,https://www.youtube.com/watch?v=
,,,,,,,https://www.youtube.com/watch?v=
,,,,,,,https://www.youtube.com/watch?v=
,,,,,,,https://www.youtube.com/watch?v=
,,,,,,,https://www.youtube.com/watch?v=
,,,,,,,https://www.youtube.com/watch?v=
,,,,,,,https://www.youtube.com/watch?v=
,,,,,,,https://www.youtube.com/watch?v=
,,,,,,,https://www.youtube.com/watch?v=
,,,,,,,https://www.youtube.com/watch?v=
,,,,,,,https://www.youtube.com/watch?v=
,,,,,,,https://www.youtube.com/watch?v=
,,,,,,,https://www.youtube.com/watch?v=
,,,,,,,https://www.youtube.com/watch?v=
,,,,,,,https://www.youtube.com/watch?v=
,,,,,,,https://www.youtube.com/watch?v=
,,,,,,,https://www.youtube.com/watch?v=
,,,,,,,https://www.youtube.com/watch?v=
,,,,,,,https://www.youtube.com/watch?v=
,,,,,,,https://www.youtube.com/watch?v=
,,,,,,,https://www.youtube.com/watch?v=
,,,,,,,https://www.youtube.com/watch?v=
,,,,,,,https://www.youtube.com/watch?v=
,,,,,,,https://www.youtube.com/watch?v=
,,,,,,,https://www.youtube.com/watch?v=
,,,,,,,https://www.youtube.com/watch?v=
,,,,,,,https://www.youtube.com/watch?v=
,,,,,,,https://www.youtube.com/watch?v=
,,,,,,,https://www.youtube.com/watch?v=
,,,,,,,https://www.youtube.com/watch?v=
,,,,,,,https://www.youtube.com/watch?v=
,,,,,,,https://www.youtube.com/watch?v=
,,,,,,,https://www.youtube.com/watch?v=
,,,,,,,https://www.youtube.com/watch?v=
,,,,,,,https://www.youtube.com/watch?v=
,,,,,,,https://www.youtube.com/watch?v=
,,,,,,,https://www.youtube.com/watch?v=
,,,,,,,https://www.youtube.com/watch?v=
